"Year","District","GDP","GDPRate","FIN","CPI","GDPNRate","FINNRate"
1990,"北京",500.82,105.2,74.01,105.4,NA,NA
1990,"天津",310.95,105.4,44.8824,103,NA,NA
1990,"河北",896.33,105.799999992028,79.85,100.6,NA,NA
1990,"山西",429.27,105,51.75,102.2,NA,NA
1990,"内蒙古",319.3,107.5,32.98,102.3,NA,NA
1990,"辽宁",1062.7,100.9,129.3,103.3,NA,NA
1990,"吉林",425.28,103.4,50.68,104.9,NA,NA
1990,"黑龙江",715.2,105.8,76.58,105.7,NA,NA
1990,"上海",781.66,103.5,170.03,106.3,NA,NA
1990,"江苏",1416.5,105.012088923123,136.2,103.2,NA,NA
1990,"浙江",904.69,103.9,100.02,102.1,NA,NA
1990,"安徽",658,102.9,52.8866,102.7,NA,NA
1990,"福建",522.28,120.3,57.06,99.3,NA,NA
1990,"江西",428.62,104.5,40.6155,102.1,NA,NA
1990,"山东",1511.19,105.3,109.1082,103.4,NA,NA
1990,"河南",934.65,104.5,83.59,100.7,NA,NA
1990,"湖北",824.38,105.000862961684,77.85,104.2,NA,NA
1990,"湖南",744.44,104,70.07,100.4,NA,NA
1990,"广东",1559.02767526936,111.566505991168,131.02,97.5,NA,NA
1990,"广西",449.06,107.004392253967,46.83,101.1,NA,NA
1990,"海南",102.421052277815,110.6,7.39,102.1,NA,NA
1990,"重庆",299.82,106.8,25.6091,101.4,NA,NA
1990,"四川",890.95,109.09638325187,81.87,103.8,NA,NA
1990,"贵州",260.14,104.3,35.3678,101.8,NA,NA
1990,"云南",451.67,108.7,77.43,102.8,NA,NA
1990,"西藏",27.7,108.9,0.18,105,NA,NA
1990,"陕西",404.3,103.4,41.1901,101.3,NA,NA
1990,"甘肃",242.8,105.63,34.2065,103.2,NA,NA
1990,"青海",69.94,103.7,7.24,105.1,NA,NA
1990,"宁夏",64.84,103.669407515561,6.23,107.1,NA,NA
1990,"新疆",261.44,111.7,21.78,105,NA,NA
1991,"北京",598.89,109.9,77.02,111.9,0.195818857074398,0.0406701797054452
1991,"天津",342.65,106,58.0916,110.2,0.101945650426114,0.294306899809279
1991,"河北",1072.07,111,89.36,103.4,0.19606618098245,0.119098309329994
1991,"山西",468.51,104.2,55.59,104.8,0.091411000069886,0.0742028985507246
1991,"内蒙古",359.66,107.5,39.4,104.6,0.126401503288444,0.194663432383263
1991,"辽宁",1200.1,106.1,161.5,105.6,0.129293309494683,0.249033255993813
1991,"吉林",463.47,105.9,62.46,106.8,0.0897996613995486,0.232438831886346
1991,"黑龙江",822.3,106.6,94.74,107.4,0.149748322147651,0.237137633846957
1991,"上海",893.77,107.1,175.53,110.5,0.143425530281708,0.0323472328412633
1991,"江苏",1601.38,108.297635605007,143.29,104.9,0.130518884574656,0.0520558002936857
1991,"浙江",1089.33,117.8,110.3,103.5,0.20409200941759,0.102779444111178
1991,"安徽",663.6,99.1,48.1769,106.1,0.00851063829787235,-0.0890528035456997
1991,"福建",619.87,114.2,69.7,103.5,0.186853794899288,0.221521205748335
1991,"江西",479.37,108.2,44.805,102.8,0.118403247631935,0.103150275141264
1991,"山东",1810.54,114.6,128.5184,104.9,0.198088923298857,0.177898636399464
1991,"河南",1045.73,106.9,91.36,102.3,0.118846627079656,0.0929537025960043
1991,"湖北",913.38,106.641170328832,95.09,104.9,0.107959921395473,0.221451509312781
1991,"湖南",833.3,107.9,80.52,104.4,0.119364891730697,0.149136577708006
1991,"广东",1893.29811215356,117.678550333536,177.35,101.2,0.214409559359779,0.353610135857121
1991,"广西",518.59,112.730083447665,55.92,102.8,0.15483454326816,0.194106342088405
1991,"海南",120.523437870434,114.9,9.31,103.9,0.176744772583626,0.259810554803789
1991,"重庆",341.55,109,38.5153,107,0.139183510106064,0.503969292165676
1991,"四川",1016.31,109.113785114698,90.05,103,0.140703743195465,0.099914498595334
1991,"贵州",295.9,109.2,42.8004,104.4,0.137464442223418,0.21015160682881
1991,"云南",517.41,106.6,99.78,103.1,0.145548741337702,0.288647810925998
1991,"西藏",30.53,100.4,0.23,109.2,0.10216606498195,0.277777777777778
1991,"陕西",468.37,107.2,45.1391,106,0.158471432104873,0.0958725518996069
1991,"甘肃",271.39,106.57,37.89,104.9,0.117751235584843,0.107684212064958
1991,"青海",75.1,104.69,8.79,107.6,0.07377752359165,0.214088397790055
1991,"宁夏",71.78,104.770023349765,6.81,106.3,0.107032695866749,0.0930979133226322
1991,"新疆",335.91,114.4,26.45,108.6,0.28484547123623,0.214416896235078
1992,"北京",709.1,111.3,80.25,109.9,0.184023777321378,0.041937159179434
1992,"天津",411.04,111.7,63.0548,111.4,0.199591419816139,0.0854374814947427
1992,"河北",1278.5,115.6,99.67,106.1,0.192552725101906,0.115376007162041
1992,"山西",551.12,112.5,57.97,107.3,0.176324945038526,0.0428134556574922
1992,"内蒙古",421.7,111,39.08,107.4,0.172496246454985,-0.00812182741116751
1992,"辽宁",1473,112.1,151.6,106.7,0.227397716856929,-0.0613003095975233
1992,"吉林",558.06,112.2,56.99,108,0.204090879668587,-0.0875760486711495
1992,"黑龙江",959.7,106.5,84.55,109.2,0.167092302079533,-0.107557525860249
1992,"上海",1114.32,114.8,185.56,110,0.246763708784139,0.0571412294194724
1992,"江苏",2136.02,125.585621452238,152.31,106.6,0.333862043987061,0.0629492637308955
1992,"浙江",1375.7,119,118.36,107.5,0.262886361341375,0.0730734360834089
1992,"安徽",801.2,116.8,55.1395,108.2,0.207353827606992,0.144521544557661
1992,"福建",784.68,107.5,75.35,105.9,0.265878329327117,0.0810616929698706
1992,"江西",572.55,114.8,49.3882,105.7,0.194380123912635,0.102292154893427
1992,"山东",2196.53,116.9,139.3225,106.8,0.213190539838943,0.0840665616752152
1992,"河南",1279.75,113.7,104.03,105.4,0.223786254578141,0.138682136602452
1992,"湖北",1088.39,114.086598754703,94.14,109.6,0.191606998182575,-0.00999053528236415
1992,"湖南",986.98,111.1,92.78,110.7,0.184423376935078,0.152260307998013
1992,"广东",2447.54,122.113647423601,222.64,107.3,0.292738837211435,0.255370735833098
1992,"广西",646.6,118.315707463234,61.2,105.9,0.246842399583486,0.094420600858369
1992,"海南",184.915447540096,141.5,14.97,108.7,0.53426960604033,0.607948442534909
1992,"重庆",420.18,116.2,40.3585,111.2,0.230215195432587,0.0478563064548374
1992,"四川",1177.27,112.574892462739,99.97,107.4,0.158376873198138,0.110161021654636
1992,"贵州",339.91,108.1,47.2761,107.8,0.148732679959446,0.104571452603247
1992,"云南",618.69,110.9,109.32,108.9,0.19574418739491,0.0956103427540589
1992,"西藏",33.29,107.1,1.09,108.8,0.0904028824107435,3.73913043478261
1992,"陕西",531.63,108.3,50.9539,109.7,0.135064158677968,0.128819582136108
1992,"甘肃",317.79,109.89,39.9736,107.2,0.170971664394414,0.0549907627342305
1992,"青海",87.52,107.39,8.16,108,0.165379494007989,-0.0716723549488053
1992,"宁夏",83.14,108.567992075845,7.73,108.3,0.158261354137643,0.135095447870778
1992,"新疆",402.31,113.1,26.07,108.6,0.197671995474978,-0.0143667296786389
1993,"北京",886.21,112.3,84.1,119,0.249767310675504,0.0479750778816199
1993,"天津",538.94,112.1,74.96,117.6,0.311161930712339,0.188807196280061
1993,"河北",1690.84,117.7,144.21,113.8,0.322518576456785,0.446874686465336
1993,"山西",680.41,113.1,72.42,115.1,0.234595006532153,0.249266862170088
1993,"内蒙古",537.81,111.7,56.12,114.1,0.27533791795115,0.436028659160696
1993,"辽宁",2010.82,114.9,213.7,115.2,0.365118805159538,0.409630606860158
1993,"吉林",718.58,112.7,79.82,112.6,0.287639321936709,0.400596595894016
1993,"黑龙江",1198.3,107.4,108.11,114.8,0.248619360216734,0.278651685393258
1993,"上海",1519.23,115.1,242.34,120.2,0.363369588628042,0.305992670834232
1993,"江苏",2998.16,119.8,221.3,118.2,0.403619816293855,0.452957783467927
1993,"浙江",1925.91,122,166.64,119.8,0.399949116813259,0.407908077053058
1993,"安徽",1037.14,118.6,73.21,114.7,0.294483275087369,0.327723319943053
1993,"福建",1114.2,122.6,110.58,115.4,0.419941887138706,0.467551426675514
1993,"江西",723.04,113.7,65.67,114.6,0.262841673216313,0.32966984016425
1993,"山东",2770.37,120.4,194.4,112.7,0.26124842365003,0.395323799099212
1993,"河南",1660.18,115.8,139.2,110.4,0.297268997851143,0.338075555128328
1993,"湖北",1325.83,113,115.07,118.4,0.218157094423874,0.222328446993839
1993,"湖南",1244.71,112.4,127.56,116.8,0.26112991144704,0.374865272688079
1993,"广东",3469.28,123,346.56,121.6,0.417455894489978,0.556593604024434
1993,"广西",871.7,118.3,95.93,122,0.348128673059078,0.567483660130719
1993,"海南",260.41,120.6,23.03,123.3,0.408265255630056,0.538410153640615
1993,"重庆",608.53,115.6,44.56,118.7,0.448260269408349,0.104104463743697
1993,"四川",1486.08,113.1,142.63,116.8,0.262310260178209,0.426728018405522
1993,"贵州",417.69,110.4,56.5,116,0.22882527727928,0.195107041401469
1993,"云南",783.27,111.1,204.94,121.3,0.266013674053241,0.874679839004757
1993,"西藏",37.42,115.5,1.56,113.4,0.124061279663563,0.431192660550459
1993,"陕西",678.2,112.1,62.9,113.1,0.27569926452608,0.234449178571218
1993,"甘肃",372.24,111.6,52.11,115.4,0.171339563862928,0.303610382852683
1993,"青海",109.68,109.7,11.37,113.2,0.253199268738574,0.393382352941176
1993,"宁夏",104.49,110.3,10.85,114.3,0.256795766177532,0.403622250970246
1993,"新疆",495.25,110.2,36.13,113,0.231015883274092,0.385884158036057
1994,"北京",1145.31,113.7,99.85,124.9,0.292368625946446,0.187277051129608
1994,"天津",732.89,114.3,50.15,124,0.359873084202323,-0.330976520811099
1994,"河北",2187.49,114.9,95.22,122.6,0.293729743795983,-0.339712918660287
1994,"山西",826.66,110.3,53.82,125.2,0.214943930865214,-0.256835128417564
1994,"内蒙古",695.06,111.2,36.3,122.9,0.292389505587475,-0.353171774768354
1994,"辽宁",2461.78,111.2,153.7,124.3,0.224266717060702,-0.280767430978007
1994,"吉林",937.73,109.7,51.27,120.6,0.30497648139386,-0.357679779503884
1994,"黑龙江",1604.9,108.4,84.66,121.9,0.339314028206626,-0.216908704097678
1994,"上海",1990.86,114.5,175.33,123.9,0.31044015718489,-0.276512338037468
1994,"江苏",4057.39,116.5,136.62,123.2,0.353293353256664,-0.382647989154993
1994,"浙江",2689.28,120,94.63,124.8,0.39636846997004,-0.432129140662506
1994,"安徽",1320.43,114.5,54.68,126.9,0.273145380565787,-0.25310749897555
1994,"福建",1644.39,120.3,149.66,125.3,0.475848142164782,0.353409296436969
1994,"江西",948.16,108.8,88.67,126.9,0.311352069041823,0.350236028627988
1994,"山东",3844.5,116.2,134.66,123.4,0.387720773759462,-0.307304526748971
1994,"河南",2216.83,113.8,93.35,125.2,0.335294968015516,-0.329382183908046
1994,"湖北",1700.92,113.7,77.46,125.3,0.282909573625578,-0.326844529416877
1994,"湖南",1650.02,110.6,85.89,125.3,0.325626049441235,-0.326669802445908
1994,"广东",4619.02,119.7,298.7,121.7,0.331405940137435,-0.138100184672207
1994,"广西",1198.29,115.2,62.26,126,0.374658712859929,-0.350985093297196
1994,"海南",331.98,111.3,27.53,126.7,0.274835835797396,0.195397307859314
1994,"重庆",833.6,113.5,27.28,129.7,0.369858511494914,-0.387791741472172
1994,"四川",2001.41,111.3,99.36,124.6,0.34677137166236,-0.303372362055669
1994,"贵州",524.46,108.4,31.24,122.8,0.255620196796668,-0.447079646017699
1994,"云南",983.78,112.2,76.7,119.2,0.255990909903354,-0.625744120230311
1994,"西藏",45.99,115.7,6.02,128.3,0.229021913415286,2.85897435897436
1994,"陕西",839.03,108.6,42.59,126.7,0.237142435859628,-0.322893481717011
1994,"甘肃",453.61,110.8,29.08,123.7,0.218595529765742,-0.441949721742468
1994,"青海",138.4,108.1,7.01,121.8,0.261852662290299,-0.383465259454705
1994,"宁夏",136.26,107.7,7.17,123.1,0.304048234280792,-0.339170506912442
1994,"新疆",662.32,112.1,28.7,126.7,0.337344775365977,-0.205646277331857
1995,"北京",1507.69,112,115.26,117.3,0.316403419161625,0.154331497245869
1995,"天津",931.97,114.9,61.9,115.3,0.271636944152601,0.234297108673978
1995,"河北",2849.52,113.9,119.95,115.2,0.302643669228202,0.259714345725688
1995,"山西",1076.03,112,72.21,116.9,0.301659690803958,0.341694537346711
1995,"内蒙古",857.06,110.1,43.7,117.5,0.233073403734929,0.203856749311295
1995,"辽宁",2793.37,107.1,184.4,116.1,0.134695220531485,0.199739752765127
1995,"吉林",1137.23,109.7,63.28,115.2,0.212747805871626,0.234250048761459
1995,"黑龙江",1991.4,109.2,101.31,116.1,0.240824973518599,0.196669029057406
1995,"上海",2499.43,114.3,227.3,118.7,0.255452417548195,0.296412479324702
1995,"江苏",5155.25,115.4,172.64,115.8,0.270582813089203,0.263651002781437
1995,"浙江",3557.55,116.8,116.82,116.6,0.322863368633984,0.234492232907112
1995,"安徽",1810.66,114.3,83.83,114.8,0.371265421112819,0.533101682516459
1995,"福建",2094.9,114.6,184.58,115.2,0.273967854341123,0.233328878791929
1995,"江西",1169.73,106.8,105.22,116.9,0.233684188322646,0.186647118529379
1995,"山东",4953.35,114,179,117.6,0.288425022759787,0.3292737264221
1995,"河南",2988.37,114.8,124.63,116.5,0.348037513025356,0.335083020889127
1995,"湖北",2109.38,113.2,99.69,120,0.240140629776827,0.286986831913246
1995,"湖南",2132.13,110.3,108.16,119,0.29218433715955,0.259285132145768
1995,"广东",5933.05,115.6,382.34,114,0.284482422678404,0.280013391362571
1995,"广西",1497.56,111.4,79.44,118.4,0.249747556935299,0.275939608095085
1995,"海南",363.25,103.8,28.53,113.5,0.0941924212301946,0.036324010170723
1995,"重庆",1123.06,112.3,34.42,119.4,0.347240882917466,0.261730205278592
1995,"四川",2443.21,110.7,121.07,118.5,0.220744375215473,0.218498389694042
1995,"贵州",636.21,107.5,38.8,121.4,0.213076307058689,0.241997439180538
1995,"云南",1222.15,111.7,98.35,121.3,0.242300107747667,0.282268578878748
1995,"西藏",56.11,117.9,2.15,119.4,0.220047836486193,-0.642857142857143
1995,"陕西",1036.85,110.4,51.3,119,0.235772260825,0.204508100493073
1995,"甘肃",557.76,110.4,33.92,119.8,0.229602521990256,0.166437414030262
1995,"青海",167.8,108,8.6,118,0.21242774566474,0.226818830242511
1995,"宁夏",175.19,109.5,8.98,117.1,0.285703801555849,0.252440725244073
1995,"新疆",814.85,109.1,38.28,119.7,0.230296533397753,0.333797909407666
1996,"北京",1789.2,109,150.9,111.6,0.186716102116483,0.309213951067153
1996,"天津",1121.93,114.3,79.04,109,0.203826303421784,0.276898222940226
1996,"河北",3452.97,113.5,151.78,107.1,0.211772509054156,0.265360566902876
1996,"山西",1292.11,111.8,84.17,107.9,0.200812245011756,0.165628029358815
1996,"内蒙古",1023.09,114.4,57.26,107.6,0.193720392971321,0.310297482837528
1996,"辽宁",3157.69,108.6,211.7,107.9,0.130423109004536,0.148047722342733
1996,"吉林",1346.79,113.5,76.4,107.2,0.184272310790254,0.207332490518331
1996,"黑龙江",2370.5,110.2,126.88,107.1,0.190368584915135,0.252393643273122
1996,"上海",2957.55,113.1,288.49,109.2,0.183289790072137,0.269203695556533
1996,"江苏",6004.21,112.2,223.17,109.3,0.16467872557102,0.292689990732159
1996,"浙江",4188.53,112.7,139.63,107.9,0.177363635085944,0.195257661359356
1996,"安徽",2093.3,112.7,114.59,109.9,0.156097776501386,0.366933078850054
1996,"福建",2484.25,113.3,215.11,105.9,0.185856126784095,0.165402535485968
1996,"江西",1409.74,111.7,123.58,108.4,0.205184102314209,0.174491541532028
1996,"山东",5883.8,112.1,241.67,109.6,0.187842571189195,0.350111731843575
1996,"河南",3634.69,113.9,162.06,110.5,0.216278439416806,0.300328973762336
1996,"湖北",2499.77,111.6,124.51,109.4,0.185073339085418,0.248971812619119
1996,"湖南",2540.13,112.1,130.36,107.7,0.191357937836811,0.205251479289941
1996,"广东",6834.97,111.3,479.45,107,0.152016247966897,0.253988596537114
1996,"广西",1697.9,108.3,90.51,106.5,0.133777611581506,0.139350453172206
1996,"海南",389.68,104.7,30.7,104.3,0.0727598072952513,0.0760602874167542
1996,"重庆",1315.12,111.4,54.94,109.7,0.171014905704058,0.596165020337013
1996,"四川",2871.65,110.6,154.07,109.3,0.175359465621048,0.272569587841744
1996,"贵州",723.18,108.9,49.46,109.1,0.136700146178149,0.274742268041237
1996,"云南",1517.69,111.1,130.01,108.7,0.241819743893957,0.321911540416878
1996,"西藏",64.98,113.2,2.44,107.8,0.158082338264124,0.134883720930232
1996,"陕西",1215.84,110.9,67.6,109.7,0.172628634807349,0.317738791423002
1996,"甘肃",722.52,112,43.37,110.2,0.29539586919105,0.278596698113207
1996,"青海",184.17,108.7,9.6,110.8,0.0975566150178784,0.116279069767442
1996,"宁夏",202.9,110.9,12.68,106.8,0.158171128489069,0.412026726057906
1996,"新疆",900.93,106.5,48.31,110.5,0.105639074676321,0.262016718913271
1997,"北京",2077.09,110.1,209.91,105.3,0.160904314777554,0.391053677932405
1997,"天津",1264.63,112.1,89.91,103.1,0.127191536013833,0.137525303643725
1997,"河北",3953.78,112.5,176.07,103.5,0.145037460505015,0.160034260113322
1997,"山西",1476,111.3,92.81,103.1,0.142317604538313,0.102649400023761
1997,"内蒙古",1153.51,110.8,73.18,104.5,0.127476566089005,0.278030038421237
1997,"辽宁",3582.46,108.9,228.2,103.1,0.134519221329516,0.0779404818138876
1997,"吉林",1464.34,109,82.85,103.7,0.0872816103475671,0.0844240837696333
1997,"黑龙江",2667.5,110,150.56,104.4,0.125290023201856,0.186633039092056
1997,"上海",3438.79,112.8,352.33,102.8,0.162715761356528,0.221290166036951
1997,"江苏",6680.34,112,273.2,101.7,0.112609319127745,0.224178877089215
1997,"浙江",4686.11,111.1,157.33,102.8,0.11879585439283,0.1267635894865
1997,"安徽",2347.32,111.7,140.52,101.3,0.121349066067931,0.226285016144515
1997,"福建",2870.9,114,251.3,101.7,0.155640535372849,0.168239505369346
1997,"江西",1605.77,112.3,134.92,102,0.139054009959283,0.0917624211037384
1997,"山东",6537.07,111.1,304.42,102.8,0.111028586967606,0.259651591012538
1997,"河南",4041.09,110.4,192.63,103.5,0.111811461225029,0.188633839318771
1997,"湖北",2856.47,111.9,139.89,103.2,0.142693127767755,0.123524214922496
1997,"湖南",2849.27,110.6,137.16,102.8,0.121702432552665,0.0521632402577477
1997,"广东",7774.53,111.2,543.95,101.9,0.137463661142624,0.134529147982063
1997,"广西",1817.25,108,99.16,100.8,0.0702927145297132,0.0955695503259308
1997,"海南",411.16,106.8,31.65,100.8,0.0551221515089304,0.0309446254071661
1997,"重庆",1509.75,111.2,59.31,103.1,0.147994099397774,0.0795413178012379
1997,"四川",3241.47,110.5,172.9,105.1,0.128783103790504,0.122217174011813
1997,"贵州",805.79,109,57.9,103.4,0.11423158826295,0.170642943792964
1997,"云南",1676.17,109.7,150.42,104.3,0.104421851629779,0.156987924005846
1997,"西藏",77.24,111.8,2.95,105,0.188673437980917,0.209016393442623
1997,"陕西",1363.6,110.7,84.12,104.8,0.121529148572181,0.244378698224852
1997,"甘肃",793.57,109.1,49.41,102.9,0.0983363782317446,0.139266774267927
1997,"青海",202.79,109,10.92,104.8,0.101102242493349,0.1375
1997,"宁夏",224.59,107.9,14.07,103.8,0.106899950714638,0.109621451104101
1997,"新疆",1039.85,108.4,57.62,103.7,0.154196219462111,0.192713723866694
1998,"北京",2377.18,109.5,229.45,102.4,0.144476166174792,0.093087513696346
1998,"天津",1374.6,109.3,101.4,99.5,0.0869582407502587,0.127794461127795
1998,"河北",4256.01,110.7,206.76,98.4,0.0764407731335583,0.174305673879707
1998,"山西",1611.08,109.9,104.19,98.6,0.0915176151761516,0.122616097403297
1998,"内蒙古",1262.54,110.7,77.67,99.3,0.0945202035526349,0.0613555616288604
1998,"辽宁",3881.73,108.3,264.62,99.3,0.0835375691563898,0.159596844872919
1998,"吉林",1577.05,109.1,93.64,99.2,0.0769698294112025,0.130235365117683
1998,"黑龙江",2774.4,108.3,157.27,100.4,0.0400749765698221,0.0445669500531349
1998,"上海",3801.09,110.3,380.7,100,0.105356826092899,0.0805211023756138
1998,"江苏",7199.95,111,296.58,99.4,0.0777819691812094,0.0855783308931186
1998,"浙江",5052.62,110.2,198.1,99.7,0.0782119924628317,0.259136846119621
1998,"安徽",2542.96,108.3,159.19,100,0.0833461138660259,0.13286364930259
1998,"福建",3159.91,110.8,187.92,99.7,0.100668779825142,-0.252208515718265
1998,"江西",1719.87,107.1,97.16,101,0.0710562533862258,-0.279869552327305
1998,"山东",7021.35,110.8,352.39,99.4,0.0740821193592849,0.15757834570659
1998,"河南",4308.24,108.8,208.2,97.5,0.0661084014461444,0.0808285313814048
1998,"湖北",3114.02,108.6,168.95,98.4,0.0901637335592533,0.207734648652513
1998,"湖南",3025.53,108.5,156.77,100.2,0.0618614592509661,0.14297171186935
1998,"广东",8530.88,110.8,640.75,98.2,0.0972856236968664,0.177957532861476
1998,"广西",1911.3,110,119.67,97,0.0517540239372678,0.206837434449375
1998,"海南",442.13,108.5,33.67,97.3,0.0753234750462106,0.0638230647709321
1998,"重庆",1602.38,108.6,71.13,96.4,0.0613545288955126,0.199291856348002
1998,"四川",3474.09,109.7,197.29,99.6,0.0717637368231081,0.141064198958936
1998,"贵州",858.39,108.5,65.34,100.1,0.0652775537050596,0.128497409326425
1998,"云南",1831.33,108.1,168.23,101.7,0.0925681762589712,0.118401808270177
1998,"西藏",91.5,112.1,3.64,100.7,0.184619368203004,0.233898305084746
1998,"陕西",1458.4,111.6,93.33,98.4,0.0695218539161047,0.109486447931526
1998,"甘肃",887.67,109.7,54.03,99,0.118578071247653,0.0935033394049789
1998,"青海",220.92,108.9,12.77,100.7,0.0894028305143251,0.169413919413919
1998,"宁夏",245.44,108.8,17.75,100,0.0928358341867404,0.261549395877754
1998,"新疆",1106.95,107.5,65.39,100.2,0.0645285377698708,0.134849010760153
1999,"北京",2678.82,110.9,279.09,100.6,0.12688984426926,0.216343429941164
1999,"天津",1500.95,110,112.81,98.9,0.0919176487705515,0.112524654832347
1999,"河北",4514.19,109.1,223.28,98.1,0.0606624514510068,0.0798994002708455
1999,"山西",1667.1,107.3,109.18,99.6,0.0347717059363906,0.0478932719070928
1999,"内蒙古",1379.31,108.8,86.57,99.8,0.0924881587910087,0.114587356765804
1999,"辽宁",4171.69,108.2,279.64,98.6,0.0746986524049842,0.0567606378958505
1999,"吉林",1672.96,108.2,101.28,98,0.0608160806569229,0.0815890645023494
1999,"黑龙江",2866.3,107.5,170.13,96.8,0.0331242791234141,0.0817702041075856
1999,"上海",4188.73,110.4,431.85,101.5,0.101981273792517,0.134357762017337
1999,"江苏",7697.82,110.1,343.36,98.7,0.0691490913131341,0.157731472115449
1999,"浙江",5443.92,110,245.47,98.8,0.077444969144721,0.23912165572943
1999,"安徽",2712.34,109.1,174.29,97.8,0.0666074181269072,0.0948552044726427
1999,"福建",3414.19,109.9,208.92,99.1,0.0804706463158762,0.111749680715198
1999,"江西",1853.65,107.8,105.14,98.6,0.077784948862414,0.0821325648414986
1999,"山东",7493.84,110,404.48,99.3,0.0672933267818867,0.14781917761571
1999,"河南",4517.94,108.1,223.35,96.9,0.0486741685699961,0.0727665706051874
1999,"湖北",3229.29,107.8,194.44,97.8,0.0370164610375014,0.150873039360758
1999,"湖南",3214.54,108.4,166.5,100.5,0.0624716991733678,0.0620654461950627
1999,"广东",9250.68,110.1,766.19,98.2,0.0843758205484078,0.195770581349981
1999,"广西",1971.41,108,133.56,97.7,0.0314497985664208,0.116069190273251
1999,"海南",476.67,108.5,36.14,98.3,0.0781218193743922,0.0733590733590732
1999,"重庆",1663.2,107.8,76.73,99.3,0.03795604038992,0.07872908758611
1999,"四川",3649.12,106.6,211.48,98.5,0.0503815387626687,0.0719245780323381
1999,"贵州",937.5,108.8,74.26,99.2,0.0921609058819417,0.136516681971227
1999,"云南",1899.82,107.3,172.67,99.7,0.0373990487787563,0.0263924389229031
1999,"西藏",105.98,112.3,4.57,100,0.158251366120219,0.255494505494505
1999,"陕西",1592.64,110.3,106.4,97.8,0.0920460778935821,0.140040715739848
1999,"甘肃",956.32,109,58.37,97.6,0.0773372987709398,0.0803257449565056
1999,"青海",239.38,108.1,14.17,99.5,0.083559659605287,0.109631949882537
1999,"宁夏",264.58,109.1,18.84,98.7,0.0779823989569752,0.0614084507042254
1999,"新疆",1163.17,107.4,71.31,97.4,0.0507882018158001,0.0905337207524086
2000,"北京",3161.66,111.8,345,103.5,0.180243540066148,0.236160378372568
2000,"天津",1701.88,110.8,133.61,99.6,0.133868549918385,0.184380817303431
2000,"河北",5043.96,109.5,248.76,99.7,0.117356602181122,0.114116804012899
2000,"山西",1845.72,109.4,114.48,103.9,0.107144142522944,0.0485436893203883
2000,"内蒙古",1539.12,110.8,95.03,101.3,0.11586227896557,0.0977243848908398
2000,"辽宁",4669.06,108.9,295.63,99.9,0.119225062264934,0.0571806608496639
2000,"吉林",1951.51,109.2,103.83,98.6,0.166501291124713,0.0251777251184835
2000,"黑龙江",3151.4,108.2,185.34,98.3,0.099466210794404,0.0894022218303652
2000,"上海",4771.17,111,485.38,102.5,0.139049306114264,0.123955076994327
2000,"江苏",8553.69,110.6,448.31,100.1,0.111183425956959,0.30565587138863
2000,"浙江",6141.03,111,342.77,101,0.128052947141031,0.396382449993889
2000,"安徽",2902.09,108.3,178.72,100.7,0.0699580436081022,0.0254174077686615
2000,"福建",3764.54,109.3,234.11,102.1,0.102615847389864,0.120572467930308
2000,"江西",2003.07,108,111.55,100.3,0.0806085291182261,0.06096633060681
2000,"山东",8337.47,110.3,463.68,100.2,0.112576462801447,0.146360759493671
2000,"河南",5052.99,109.5,246.47,99.2,0.118427867567962,0.103514663084844
2000,"湖北",3545.39,108.6,214.35,99,0.0978852936713643,0.102396626208599
2000,"湖南",3551.49,109,177.04,101.4,0.104820596415039,0.0633033033033032
2000,"广东",10741.25,111.5,910.56,101.4,0.161130857407239,0.188425847374672
2000,"广西",2080.04,107.9,147.05,99.7,0.0551026929963832,0.101003294399521
2000,"海南",526.82,109,39.2,101.1,0.105209054482136,0.0846707249584948
2000,"重庆",1791,108.7,87.24,96.7,0.0768398268398267,0.136973804248664
2000,"四川",3928.2,108.5,233.86,100.1,0.0764787126759328,0.10582560998676
2000,"贵州",1029.92,108.4,85.23,99.5,0.0985813333333334,0.147724212227309
2000,"云南",2011.19,107.5,180.75,97.9,0.0586213430746072,0.0467944634273469
2000,"西藏",117.8,110.4,5.38,99.9,0.111530477448575,0.177242888402626
2000,"陕西",1804,110.4,114.97,99.5,0.132710468153506,0.0805451127819548
2000,"甘肃",1052.88,109.7,61.28,99.5,0.100970386481513,0.0498543772485867
2000,"青海",263.68,108.9,16.58,99.5,0.101512239953212,0.170077628793225
2000,"宁夏",295.02,110.2,20.82,99.6,0.115050268349838,0.105095541401274
2000,"新疆",1363.56,108.7,79.07,99.4,0.172279202524136,0.108820642266162
2001,"北京",3707.96,111.7,454.17,103.1,0.172788977941967,0.316434782608696
2001,"天津",1919.09,112,163.64,101.2,0.12762944508426,0.224758625851358
2001,"河北",5516.76,108.7,283.5,100.5,0.0937358741940857,0.139652677279305
2001,"山西",2029.53,110.1,132.76,99.8,0.0995871529809504,0.159678546470999
2001,"内蒙古",1713.81,110.7,99.43,100.6,0.11349992203337,0.0463011680521941
2001,"辽宁",5033.08,109,370.44,100,0.0779643011655451,0.253052802489599
2001,"吉林",2120.35,109.3,121.1,101.3,0.0865176196893687,0.166329577193489
2001,"黑龙江",3390.1,109.3,213.64,100.8,0.0757441137272323,0.152692349196072
2001,"上海",5210.12,110.5,609.47,100,0.0920004946375836,0.255655362808521
2001,"江苏",9456.84,110.2,572.15,100.8,0.105586010248209,0.276237424996096
2001,"浙江",6898.34,110.6,500.69,99.8,0.123319703697914,0.460717098929311
2001,"安徽",3246.71,108.9,192.18,100.5,0.118748901653636,0.0753133393017009
2001,"福建",4072.85,108.7,274.28,98.7,0.0818984524005588,0.171586006578104
2001,"江西",2175.68,108.8,131.98,99.5,0.0861727248673285,0.183146571044375
2001,"山东",9195.04,110,573.18,101.8,0.102857341615622,0.236154244306418
2001,"河南",5533.01,109,267.75,100.7,0.0949972194680775,0.0863391082078955
2001,"湖北",3880.53,108.9,231.94,100.3,0.0945283875680816,0.0820620480522509
2001,"湖南",3831.9,109,205.41,99.1,0.0789555932861983,0.16024627202892
2001,"广东",12039.25,110.5,1160.51,99.3,0.120842546258582,0.274501405728343
2001,"广西",2279.34,108.3,178.67,100.6,0.0958154650872101,0.215028901734104
2001,"海南",579.17,109.1,43.77,98.5,0.0993698037280284,0.116581632653061
2001,"重庆",1976.86,109.2,106.12,101.7,0.103774427694026,0.216414488766621
2001,"四川",4293.49,109,271.12,102.1,0.0929917010335524,0.159326092533995
2001,"贵州",1133.27,108.8,99.75,101.8,0.100347599813578,0.170362548398451
2001,"云南",2138.31,106.8,191.28,99.1,0.0632063604134865,0.0582572614107884
2001,"西藏",139.16,112.7,6.11,100.1,0.18132427843803,0.135687732342008
2001,"陕西",2010.62,109.8,135.81,101,0.114534368070953,0.18126467774202
2001,"甘肃",1125.37,109.8,69.95,104,0.0688492515766277,0.141481723237598
2001,"青海",300.13,111.7,19.82,102.6,0.138235740291262,0.195416164053076
2001,"宁夏",337.44,110.1,27.57,101.6,0.143786861907667,0.324207492795389
2001,"新疆",1491.6,108.6,95.09,104,0.0939012584704744,0.20260528645504
2002,"北京",4315,111.5,533.99,98.2,0.163712661409508,0.17574916881344
2002,"天津",2150.76,112.7,209.7,99.6,0.120718673954843,0.281471522855048
2002,"河北",6018.28,109.6,302.31,99,0.090908431760671,0.0663492063492064
2002,"山西",2324.8,112.9,150.82,98.4,0.145486886126345,0.136034950286231
2002,"内蒙古",1940.94,113.2,112.85,100.2,0.132529276874333,0.134969325153374
2002,"辽宁",5458.22,110.2,399.69,98.9,0.084469152089774,0.0789601554907677
2002,"吉林",2348.54,109.5,131.49,99.5,0.10761902516094,0.0857968620974403
2002,"黑龙江",3637.2,110.2,231.89,99.3,0.0728887053479248,0.085424077888036
2002,"上海",5741.03,111.3,719.79,100.5,0.101899764304853,0.181009729765206
2002,"江苏",10606.85,111.7,643.7,99.2,0.121606160197275,0.125054618544088
2002,"浙江",8003.67,112.6,566.85,99.1,0.160231302023385,0.132137650042941
2002,"安徽",3519.72,109.6,200.22,99,0.0840882000548246,0.0418357789572275
2002,"福建",4467.55,110.2,272.89,99.5,0.0969100261487656,-0.00506781391278976
2002,"江西",2450.48,110.5,140.55,100.1,0.126305339020444,0.0649340809213519
2002,"山东",10275.5,111.7,610.22,99.3,0.117504654683394,0.0646219337729859
2002,"河南",6035.48,109.5,296.72,100.1,0.0908131378761288,0.108197945845005
2002,"湖北",4212.82,109.2,243.44,99.6,0.0856300556882692,0.0495817883935501
2002,"湖南",4151.54,109,231.15,99.5,0.0834155379837678,0.125310354899956
2002,"广东",13502.42,112.4,1201.61,98.6,0.121533318105364,0.0354154638908755
2002,"广西",2523.73,110.6,186.73,99.1,0.10721963375363,0.0451110986735321
2002,"海南",642.73,109.6,46.24,99.5,0.10974325327624,0.0564313456705505
2002,"重庆",2232.86,110.5,157.87,99.6,0.129498295276347,0.487655484357331
2002,"四川",4725.01,110.3,291.87,99.7,0.100505649250377,0.0765343759221009
2002,"贵州",1243.43,109.1,108.28,99,0.0972054320682627,0.0855137844611529
2002,"云南",2312.82,109,206.76,99.8,0.0816111789216718,0.0809284818067753
2002,"西藏",162.04,112.9,7.31,100.4,0.164415061799368,0.196399345335516
2002,"陕西",2253.39,111.1,150.29,98.9,0.120743850155673,0.106619542007216
2002,"甘肃",1232.03,109.9,76.24,100,0.0947777175506723,0.0899213724088634
2002,"青海",340.65,112.1,21.1,102.3,0.135008163129311,0.0645812310797176
2002,"宁夏",377.16,110.2,26.47,99.4,0.117709815078236,-0.0398984403336961
2002,"新疆",1612.65,108.2,116.47,99.4,0.0811544650040226,0.224839625617836
2003,"北京",5007.21,111.1,592.54,100.2,0.160419466975666,0.10964624805708
2003,"天津",2578.03,114.8,204.53,101,0.198660008555115,-0.0246542680019074
2003,"河北",6921.29,111.6,335.83,102.2,0.150044530995567,0.110879560715822
2003,"山西",2855.23,114.9,186.05,101.8,0.228161562284928,0.233589709587588
2003,"内蒙古",2388.38,117.9,138.72,102.2,0.230527476377425,0.22924235711121
2003,"辽宁",6002.54,111.5,447.05,101.7,0.0997248187137931,0.118491831169156
2003,"吉林",2662.08,110.2,154,101.2,0.133504219642842,0.17119172560651
2003,"黑龙江",4057.4,110.2,248.86,100.9,0.115528428461454,0.0731812497304758
2003,"上海",6694.23,112.3,886.23,100.1,0.166032924405551,0.231234109948735
2003,"江苏",12442.87,113.6,798.11,101,0.173097573737726,0.239878825539848
2003,"浙江",9705.02,114.7,706.56,101.9,0.212571232946886,0.246467319396666
2003,"安徽",3923.11,109.4,220.75,101.7,0.11460854840726,0.102537209070023
2003,"福建",4983.67,111.5,304.71,100.8,0.115526407091135,0.116603759756678
2003,"江西",2807.41,113,168.17,100.8,0.145657177369332,0.196513696193525
2003,"山东",12078.15,113.4,713.79,101.1,0.1754318524646,0.169725672708203
2003,"河南",6867.7,110.7,338.05,101.6,0.137887955887519,0.139289565920733
2003,"湖北",4757.45,109.7,259.76,102.2,0.129279200155715,0.0670391061452513
2003,"湖南",4659.99,109.6,268.65,102.4,0.122472624616407,0.162232316677482
2003,"广东",15844.64,114.8,1315.52,100.6,0.173466682268808,0.0947978129343132
2003,"广西",2821.11,110.2,203.66,101.1,0.117833524188404,0.0906656670058374
2003,"海南",713.96,110.6,51.32,100.1,0.110824140774509,0.109861591695502
2003,"重庆",2555.72,111.7,161.56,100.6,0.14459482457476,0.0233736618736935
2003,"四川",5333.09,111.3,336.59,101.7,0.128693907526122,0.153218898824819
2003,"贵州",1426.34,110.1,124.56,101.2,0.147101163716494,0.150350942002216
2003,"云南",2556.02,108.8,229,101.2,0.10515301666364,0.107564325788354
2003,"西藏",185.09,112,8.15,100.9,0.142248827450012,0.114911080711354
2003,"陕西",2587.72,111.8,177.33,101.7,0.148367570638017,0.179918823607692
2003,"甘肃",1399.83,110.7,87.66,101.1,0.136197982191992,0.149790136411333
2003,"青海",390.2,111.9,24.04,102,0.14545721414942,0.139336492890995
2003,"宁夏",445.36,112.7,30.03,101.7,0.180825114009969,0.13449187759728
2003,"新疆",1886.35,111.2,128.22,100.4,0.169720646141444,0.100884347900747
2004,"北京",6033.21,114.1,744.49,101,0.204904527671098,0.256438383906572
2004,"天津",3110.97,115.8,246.18,102.3,0.206723738668673,0.20363760817484
2004,"河北",8477.63,112.9,407.83,104.3,0.224862706229619,0.21439418753536
2004,"山西",3571.37,115.2,256.36,104.1,0.250816921929232,0.377909164203171
2004,"内蒙古",3041.07,120.5,196.76,102.9,0.273277284184259,0.418396770472895
2004,"辽宁",6672,112.8,529.64,103.5,0.111529452531762,0.184744435745442
2004,"吉林",3122.01,112.2,166.28,104.1,0.172770915975478,0.0797402597402597
2004,"黑龙江",4750.6,111.7,289.42,103.8,0.170848326514517,0.162983203407538
2004,"上海",8072.83,114.2,1106.19,102.2,0.20593854707711,0.248197420534173
2004,"江苏",15003.6,114.8,980.49,104.1,0.205798983674988,0.228514866371803
2004,"浙江",11648.7,114.5,805.95,103.9,0.200275733589421,0.140667459239131
2004,"安徽",4759.3,113.3,274.63,104.5,0.213144673486086,0.244077010192525
2004,"福建",5763.35,111.8,333.52,104,0.156446955757504,0.0945489153621477
2004,"江西",3456.7,113.2,205.77,103.5,0.231277227052693,0.223583278824999
2004,"山东",15021.84,115.3,828.33,103.6,0.243720271730356,0.16046736435086
2004,"河南",8553.79,113.7,428.78,105.4,0.245510141677709,0.268392249667209
2004,"湖北",5633.24,111.2,310.45,104.9,0.18408811443105,0.195141669233138
2004,"湖南",5641.94,112.1,320.63,105.1,0.210719336307589,0.193485948259818
2004,"广东",18864.62,114.8,1418.51,103,0.190599470862071,0.0782884334711749
2004,"广西",3433.5,111.8,237.77,104.4,0.217074130395483,0.167485024059707
2004,"海南",819.66,110.7,57.04,104.4,0.148047509664407,0.111457521434139
2004,"重庆",3034.58,112.4,200.62,103.7,0.187367943280172,0.241767764298094
2004,"四川",6379.63,112.7,385.78,104.9,0.196235203231147,0.146142190795924
2004,"贵州",1677.8,111.4,149.29,104,0.176297376502096,0.198538856775851
2004,"云南",3081.91,111.3,263.36,106,0.205745651442477,0.150043668122271
2004,"西藏",220.34,112.1,10.02,102.7,0.190447890215571,0.229447852760736
2004,"陕西",3175.58,112.9,214.96,103.1,0.227172955342927,0.212203236902949
2004,"甘肃",1688.49,111.5,104.16,102.3,0.206210754163006,0.188227241615332
2004,"青海",466.1,112.3,27,103.2,0.194515633008714,0.123128119800333
2004,"宁夏",537.11,111.2,37.47,103.7,0.206013112987246,0.247752247752248
2004,"新疆",2209.09,111.4,155.7,102.7,0.17109232114931,0.214319138979878
2005,"北京",6969.52,112.1,919.21,101.5,0.155192675209383,0.234684146194039
2005,"天津",3905.64,114.9,331.85,101.5,0.255441228941456,0.347997400276221
2005,"河北",10012.11,113.4,515.7,101.8,0.181003417228636,0.264497462177868
2005,"山西",4230.53,113.5,368.34,102.3,0.184567826912361,0.436807614292401
2005,"内蒙古",3905.03,123.8,277.46,102.4,0.284097373621784,0.410144338280138
2005,"辽宁",8047.26,112.7,675.28,101.4,0.206124100719425,0.274979231175893
2005,"吉林",3620.27,112.1,207.15,101.5,0.15959590135842,0.245790233341352
2005,"黑龙江",5513.7,111.6,318.21,101.2,0.160632341177956,0.0994748116923501
2005,"上海",9247.66,111.4,1417.4,101,0.145528891355324,0.281335032860539
2005,"江苏",18598.69,114.5,1322.68,102.1,0.2396151590285,0.348998969902804
2005,"浙江",13417.68,112.8,1066.6,101.3,0.151860722655747,0.323407159253055
2005,"安徽",5350.17,111,334.02,101.4,0.12415061038388,0.216254597094272
2005,"福建",6554.69,111.6,432.6,102.2,0.137305560134297,0.297073638762293
2005,"江西",4056.76,112.8,252.92,101.7,0.173593311539908,0.22913933032026
2005,"山东",18366.87,115,1073.13,101.7,0.222677781150645,0.295534388468364
2005,"河南",10587.42,114.2,537.65,102.1,0.237746075131608,0.253906432202994
2005,"湖北",6590.19,112.1,375.52,102.9,0.169875595571998,0.209598969238203
2005,"湖南",6596.1,112.2,395.27,102.3,0.169119132780569,0.23279169135764
2005,"广东",22557.37,114.1,1807.2,102.3,0.195750033660895,0.27401287266216
2005,"广西",3984.1,113.1,283.04,102.4,0.160361147517111,0.190394078310973
2005,"海南",918.75,110.5,68.68,101.5,0.12089158919552,0.204067321178121
2005,"重庆",3467.72,111.7,256.81,100.8,0.142734744182061,0.280081746585585
2005,"四川",7385.1,112.6,479.66,101.7,0.157606318861752,0.243351132769973
2005,"贵州",2005.42,112.7,182.5,101,0.195267612349505,0.222452943934624
2005,"云南",3462.73,108.9,312.65,101.4,0.123566230032675,0.187158262454435
2005,"西藏",248.8,112.1,12.03,101.5,0.129164019242988,0.20059880239521
2005,"陕西",3933.72,113.7,275.32,101.2,0.238740639505224,0.280796427242278
2005,"甘肃",1933.98,111.8,123.5,101.7,0.145390259936393,0.185675883256528
2005,"青海",543.32,112.2,33.82,100.8,0.165672602445827,0.252592592592593
2005,"宁夏",612.61,110.9,47.72,101.5,0.140567109158273,0.273552175073392
2005,"新疆",2604.19,110.9,180.32,100.7,0.178851925453467,0.158124598587026
2006,"北京",8117.78,113,1117.15,100.9,0.16475453115853,0.215337082929907
2006,"天津",4462.74,114.7,417.05,101.5,0.142639874642824,0.256742504143438
2006,"河北",11467.6,113.4,620.53,101.7,0.145372953353489,0.203277099088617
2006,"山西",4878.61,112.8,583.38,102,0.153191207721018,0.583808437856328
2006,"内蒙古",4944.25,119.1,343.38,101.5,0.266123435671429,0.237583795862467
2006,"辽宁",9304.52,114.2,817.67,101.2,0.156234544428787,0.210860680014216
2006,"吉林",4275.12,115,245.2,101.4,0.180884298684905,0.183683321264784
2006,"黑龙江",6211.8,112.1,386.84,101.9,0.126611894009467,0.215675183055215
2006,"上海",10572.24,112.7,1576.07,101.2,0.14323407218691,0.111944405249047
2006,"江苏",21742.05,114.9,1656.68,101.6,0.169009752837431,0.252517615749841
2006,"浙江",15718.47,113.9,1298.2,101.1,0.17147450229846,0.217138571160698
2006,"安徽",6112.5,112.5,428.03,101.2,0.142487061158804,0.281450212562122
2006,"福建",7583.85,114.8,541.17,100.8,0.157011239280576,0.250970873786408
2006,"江西",4820.53,112.3,305.52,101.2,0.188270935426301,0.207970899889293
2006,"山东",21900.19,114.7,1356.25,101,0.192374639772591,0.263826377046583
2006,"河南",12362.79,114.4,679.17,101.3,0.167686745212715,0.263219566632568
2006,"湖北",7617.47,113.2,476.08,101.6,0.155880179478892,0.267788666382616
2006,"湖南",7688.67,112.8,477.93,101.4,0.165638786555692,0.209122878032737
2006,"广东",26587.76,114.8,2179.46,101.8,0.178672868335271,0.205987162461266
2006,"广西",4746.16,113.6,342.58,101.3,0.191275319394594,0.21035895986433
2006,"海南",1065.67,113.2,81.81,101.5,0.159912925170068,0.191176470588235
2006,"重庆",3907.23,112.4,317.72,102.4,0.126743220329208,0.237179237568631
2006,"四川",8690.24,113.5,607.59,102.3,0.17672611068232,0.266709752741525
2006,"贵州",2338.98,112.8,226.82,101.7,0.166329247738628,0.242849315068493
2006,"云南",3988.14,111.6,379.97,101.9,0.151732881281532,0.215320646089877
2006,"西藏",290.76,113.3,14.56,102,0.168649517684887,0.210307564422278
2006,"陕西",4743.61,113.9,362.48,101.5,0.20588399784428,0.316577073950312
2006,"甘肃",2277.35,111.5,141.22,101.3,0.177545786409373,0.143481781376518
2006,"青海",648.5,113.3,42.24,101.6,0.19358757270117,0.24896510940272
2006,"宁夏",725.9,112.7,61.36,101.9,0.184930053378169,0.285834031852473
2006,"新疆",3045.26,111,219.46,101.3,0.169369362450513,0.217058562555457
2007,"北京",9846.81,114.5,1492.64,102.4,0.212992961129767,0.336114219218547
2007,"天津",5252.76,115.5,540.44,104.2,0.177025773403783,0.295863805299125
2007,"河北",13607.32,112.8,789.12,104.7,0.186588300952248,0.271687106183424
2007,"山西",6024.45,115.9,597.89,104.6,0.234870178186,0.0248722959306114
2007,"内蒙古",6423.18,119.2,492.36,104.6,0.299121201395561,0.433863358378473
2007,"辽宁",11164.3,115,1082.69,105.1,0.199879198497074,0.324116085951545
2007,"吉林",5284.69,116.1,320.69,105.3,0.236150096371564,0.307871125611745
2007,"黑龙江",7104,112,440.47,105.2,0.143629865739399,0.138636128631993
2007,"上海",12494.01,115.2,2074.48,103.2,0.181775101586797,0.316235953986815
2007,"江苏",26018.48,114.9,2237.73,104.3,0.196689364618332,0.350731583649226
2007,"浙江",18753.73,114.7,1649.5,104.2,0.193101491430146,0.27060545370513
2007,"安徽",7360.92,114.2,543.7,105.3,0.204240490797546,0.270238067425181
2007,"福建",9248.53,115.2,699.46,105.2,0.219503286589265,0.292495888537798
2007,"江西",5800.25,113.2,389.85,104.8,0.203239062924616,0.27602120974077
2007,"山东",25776.91,114.2,1675.4,104.4,0.177017642312692,0.235317972350231
2007,"河南",15012.46,114.6,862.08,105.4,0.214326216007875,0.269314015636733
2007,"湖北",9333.4,114.6,590.36,104.8,0.225262455907276,0.240043690136112
2007,"湖南",9439.6,115,606.55,105.6,0.22772859285156,0.269118908626786
2007,"广东",31777.01,114.9,2785.8,103.7,0.195174396037876,0.278206528222587
2007,"广西",5823.41,115.1,418.83,106.1,0.226972963406206,0.222575748730224
2007,"海南",1254.17,115.8,108.29,105.1,0.176884026011805,0.323676812125657
2007,"重庆",4676.13,115.9,442.7,104.7,0.196789029568262,0.393365227244114
2007,"四川",10562.39,114.5,850.86,105.9,0.21543133446257,0.400385128129166
2007,"贵州",2884.11,114.8,285.14,106.4,0.233063130082344,0.257120183405343
2007,"云南",4772.52,112.2,486.71,105.9,0.196678150716876,0.280916914493249
2007,"西藏",341.43,114,20.14,103.4,0.174267437061494,0.383241758241758
2007,"陕西",5757.29,115.8,475.24,105.2,0.213693790172464,0.311079231957625
2007,"甘肃",2703.98,112.3,190.91,105.2,0.187336158254111,0.351862342444413
2007,"青海",797.35,113.5,56.71,106.7,0.22952968388589,0.342566287878788
2007,"宁夏",919.11,112.7,80.03,105.5,0.266166138586582,0.304269882659713
2007,"新疆",3523.16,112.2,285.86,105.5,0.156932412995935,0.302560831130958
2008,"北京",11115,109.1,1837.32,105.1,0.128791964098018,0.230919712723765
2008,"天津",6719.01,116.5,675.62,105.4,0.279138966943093,0.250129524091481
2008,"河北",16011.97,110.1,947.59,106.2,0.176717384466596,0.200818633414436
2008,"山西",7315.4,108.5,748,107.2,0.21428512146337,0.251066249644583
2008,"内蒙古",8496.2,117.8,650.68,105.7,0.322740449434704,0.321553334958161
2008,"辽宁",13668.58,113.4,1356.08,104.6,0.224311421226588,0.252509952063841
2008,"吉林",6426.1,116,422.8,105.1,0.215984286684744,0.318407184508404
2008,"黑龙江",8314.37,111.8,578.28,105.6,0.17037865990991,0.312870343042659
2008,"上海",14069.87,109.7,2358.75,105.8,0.126129241132351,0.137031930893525
2008,"江苏",30981.98,112.7,2731.41,105.4,0.190768253948732,0.220616428255419
2008,"浙江",21462.69,110.1,1933.39,105,0.144449130919556,0.172106698999697
2008,"安徽",8851.66,112.7,724.62,106.2,0.202520880542106,0.332757035129667
2008,"福建",10823.01,113,833.4,104.6,0.170241108586986,0.19149057844623
2008,"江西",6971.05,113.2,488.65,106,0.201853368389294,0.253430806720533
2008,"山东",30933.28,112,1957.05,105.3,0.200038328876502,0.168109108272651
2008,"河南",18018.53,112.1,1008.9,107,0.200238335356097,0.170309020044543
2008,"湖北",11328.92,113.4,710.85,106.3,0.213804187112949,0.204095805948913
2008,"湖南",11555,113.9,722.71,106,0.224098478749099,0.191509356194873
2008,"广东",36796.71,110.4,3310.32,105.6,0.157966404013468,0.188283437432694
2008,"广西",7021,112.8,518.42,107.7,0.205650984560592,0.237781438769907
2008,"海南",1503.06,110.3,144.86,106.9,0.198449970897087,0.337704312494228
2008,"重庆",5793.66,114.5,577.57,105.6,0.23898608464692,0.304653264061441
2008,"四川",12601.23,111,1041.66,105.1,0.193028282424716,0.224243706367675
2008,"贵州",3561.56,111.3,347.84,107.6,0.234890486146506,0.2198919828856
2008,"云南",5692.12,110.6,614.05,105.7,0.192686463335931,0.261634238047297
2008,"西藏",394.85,110.1,24.88,105.7,0.156459596403362,0.235352532274081
2008,"陕西",7314.58,116.4,591.48,106.4,0.270490109061729,0.244592206043262
2008,"甘肃",3166.82,110.1,264.97,108.2,0.171169905102848,0.387931486040543
2008,"青海",1018.62,113.5,71.57,110.1,0.277506741079827,0.262034914477164
2008,"宁夏",1203.92,112.6,95.01,108.5,0.30987585816714,0.18717980757216
2008,"新疆",4183.21,111,361.06,108.1,0.187346018914838,0.263065836423424
2009,"北京",12153.03,110.2,2026.81,98.5,0.0933900134952768,0.103133912437681
2009,"天津",7521.85,116.5,821.99,99,0.119487841214703,0.216645451585211
2009,"河北",17235.48,110,1067.12,99.3,0.0764122091160551,0.126141052564928
2009,"山西",7358.31,105.4,805.83,99.6,0.00586570795855335,0.077312834224599
2009,"内蒙古",9740.25,116.9,850.86,99.7,0.146424283797462,0.307647384274913
2009,"辽宁",15212.49,113.1,1591.22,100,0.112953210940712,0.173396849743378
2009,"吉林",7278.75,113.6,487.09,100.1,0.132685454630336,0.152057710501419
2009,"黑龙江",8587,111.4,641.66,100.2,0.032790217418758,0.109600885384243
2009,"上海",15046.45,108.2,2540.3,99.6,0.0694093122395587,0.0769687334393216
2009,"江苏",34457.3,112.4,3228.78,99.6,0.112172301447487,0.182092765275078
2009,"浙江",22990.35,108.9,2142.51,98.5,0.071177471230307,0.108162346965692
2009,"安徽",10062.82,112.9,863.92,99.1,0.136828572267801,0.192238690624051
2009,"福建",12236.53,112.3,932.43,98.2,0.130603224056894,0.118826493880489
2009,"江西",7655.18,113.1,581.3,99.3,0.0981387308941981,0.189604011050854
2009,"山东",33896.65,112.2,2198.63,100,0.0957987643082143,0.123440893181063
2009,"河南",19480.46,110.9,1126.06,99.4,0.0811348095543865,0.116126474378035
2009,"湖北",12961.1,113.5,814.87,99.6,0.144071985679129,0.146331856228459
2009,"湖南",13059.69,113.7,847.62,99.6,0.130219818260493,0.172835577202474
2009,"广东",39482.56,109.7,3649.81,97.7,0.0729915799537513,0.102555039996133
2009,"广西",7759.16,113.9,620.99,97.9,0.105136020509899,0.19785116314957
2009,"海南",1654.21,111.7,178.24,99.3,0.100561521163493,0.230429380091122
2009,"重庆",6530.01,114.9,655.17,98.4,0.127095825436771,0.13435600879547
2009,"四川",14151.28,114.5,1174.59,100.8,0.123007833362299,0.127613616727147
2009,"贵州",3912.68,111.4,416.48,98.7,0.0985860128707645,0.197332106715731
2009,"云南",6169.75,112.1,698.25,100.4,0.0839107397595271,0.13712238417067
2009,"西藏",441.36,112.4,30.09,101.4,0.117791566417627,0.209405144694534
2009,"陕西",8169.8,113.6,735.27,100.5,0.11691990517569,0.24310204909718
2009,"甘肃",3387.56,110.3,286.59,101.2,0.0697039932803254,0.0815941427331395
2009,"青海",1081.27,110.1,87.74,102.6,0.0615047809781861,0.225932653346374
2009,"宁夏",1353.31,111.9,111.58,100.7,0.124086318027776,0.174402694453215
2009,"新疆",4277.05,108.1,388.78,100.7,0.0224325338675324,0.0767739433889103
2010,"北京",14113.58,110.3,2353.93,102.4,0.161321909021865,0.161396480183145
2010,"天津",9224.46,117.4,1068.81,103.5,0.226355218463543,0.300271292838112
2010,"河北",20394.26,112.2,1331.85,103.1,0.18327194832984,0.248078941449884
2010,"山西",9200.86,113.9,969.67,103,0.250403965040886,0.203318317759329
2010,"内蒙古",11672,115,1069.98,103.2,0.198326531659865,0.257527677878852
2010,"辽宁",18457.27,114.2,2004.84,103,0.213297099948792,0.259938914794937
2010,"吉林",8667.58,113.8,602.41,103.7,0.190806113687103,0.236752961465027
2010,"黑龙江",10368.6,112.7,755.58,103.9,0.207476417840922,0.177539506903968
2010,"上海",17165.98,110.3,2873.58,103.1,0.140865785617205,0.131197102704405
2010,"江苏",41425.48,112.7,4079.86,103.8,0.202226523842553,0.263591821059348
2010,"浙江",27722.31,111.9,2608.47,103.8,0.205823747789834,0.21748323228363
2010,"安徽",12359.33,114.6,1149.4,103.1,0.228217338678422,0.330447263635522
2010,"福建",14737.12,113.9,1151.49,103.2,0.204354502461074,0.234934525916155
2010,"江西",9451.26,114,778.09,103,0.234622830553952,0.338534319628419
2010,"山东",39169.92,112.3,2749.38,102.9,0.155569060659387,0.250496900342486
2010,"河南",23092.36,112.5,1381.32,103.5,0.185411432789575,0.226684190895689
2010,"湖北",15967.61,114.8,1011.23,102.9,0.231964107984662,0.240970952421859
2010,"湖南",16037.96,114.6,1081.69,103.1,0.228050589255947,0.27614968971945
2010,"广东",46013.06,112.4,4517.04,103.1,0.165402142110339,0.237609628994386
2010,"广西",9569.85,114.2,771.99,103,0.233361600998046,0.243160115299763
2010,"海南",2064.5,116,270.99,104.8,0.248027759474311,0.520365798922801
2010,"重庆",7925.58,117.1,952.07,103.2,0.213716364906026,0.453164827449364
2010,"四川",17185.48,115.1,1561.67,103.2,0.214411699860366,0.329544777326557
2010,"贵州",4602.16,112.8,533.73,102.9,0.17621681302841,0.281526123703419
2010,"云南",7224.18,112.3,871.19,103.7,0.170903197050124,0.247676333691371
2010,"西藏",507.46,112.3,36.65,102.2,0.149764364690955,0.218012628780326
2010,"陕西",10123.48,114.6,958.21,104,0.239134372934466,0.303208345233724
2010,"甘肃",4120.75,111.8,353.58,104.1,0.216436018845423,0.233748560661572
2010,"青海",1350.43,115.3,110.22,105.4,0.24892949956995,0.256211534077958
2010,"宁夏",1689.65,113.5,153.55,104.1,0.248531378619828,0.376142677899265
2010,"新疆",5437.47,110.6,500.58,104.3,0.271313171461638,0.287566232830907
2011,"北京",16251.93,108.1,3006.28,105.6,0.151510105869666,0.277132285157163
2011,"天津",11307.28,116.4,1455.13,104.9,0.225793162960217,0.361448713990326
2011,"河北",24515.76,111.3,1737.77,105.7,0.202091176634994,0.304779066711717
2011,"山西",11237.55,113,1213.43,105.2,0.221358655603932,0.251384491631174
2011,"内蒙古",14359.88,114.3,1356.67,105.6,0.230284441398218,0.267939587655844
2011,"辽宁",22226.7,112.2,2643.15,105.2,0.204224676780477,0.318384509487041
2011,"吉林",10568.83,113.8,850.1,105.2,0.219351883686104,0.411165153300908
2011,"黑龙江",12582,112.3,997.55,105.8,0.213471442624848,0.320244050927764
2011,"上海",19195.69,108.2,3429.83,105.2,0.118240263591126,0.193573869528602
2011,"江苏",49110.27,111,5148.91,105.3,0.185508773827123,0.262031050085052
2011,"浙江",32318.85,109,3150.8,105.4,0.165806529109587,0.207911150981227
2011,"安徽",15300.65,113.5,1463.56,105.6,0.237983774201352,0.273325213154689
2011,"福建",17560.18,112.3,1501.51,105.3,0.191561173417873,0.303971376216902
2011,"江西",11702.82,112.5,1053.43,105.2,0.238228553653164,0.353866519297254
2011,"山东",45361.85,110.9,3455.93,105,0.158078699165074,0.256985211211255
2011,"河南",26931.03,111.9,1721.76,105.6,0.166231169096619,0.246459907914169
2011,"湖北",19632.26,113.8,1526.91,105.8,0.229505229649271,0.509953225280104
2011,"湖南",19669.56,112.8,1517.07,105.5,0.226437776375549,0.40249979199216
2011,"广东",53210.28,110,5514.84,105.3,0.156416895550959,0.220896870516976
2011,"广西",11720.87,112.3,947.72,105.9,0.22477050319493,0.22763248228604
2011,"海南",2522.66,112,340.12,106.1,0.221922983773311,0.255101664268054
2011,"重庆",10011.37,116.4,1488.33,105.3,0.263171906661721,0.563256903378953
2011,"四川",21026.68,115,2044.79,105.3,0.223514269022454,0.309361132633655
2011,"贵州",5701.84,115,773.08,105.1,0.238948667582179,0.448447717010473
2011,"云南",8893.12,113.7,1111.16,104.9,0.231021375436382,0.275450820142564
2011,"西藏",605.83,112.7,54.76,105,0.193847790958893,0.494133697135061
2011,"陕西",12512.3,113.9,1500.18,105.7,0.235968263877639,0.565606704167145
2011,"甘肃",5020.37,112.5,450.12,105.9,0.218314627191652,0.273035805192601
2011,"青海",1670.44,113.5,151.81,106.1,0.236968965440638,0.377336236617674
2011,"宁夏",2102.21,112.1,219.98,106.3,0.244168910721155,0.432627808531423
2011,"新疆",6610.05,112,720.43,105.9,0.215648086334269,0.439190538974789
2012,"北京",17879.4,107.7,3314.93,103.3,0.100140106436589,0.102668414119776
2012,"天津",12893.88,113.8,1760.02,102.7,0.14031668093476,0.20952767106719
2012,"河北",26575.01,109.6,2084.28,102.6,0.0839969880599256,0.199399230047705
2012,"山西",12112.83,110.1,1516.38,102.5,0.0778888636758013,0.249664175106928
2012,"内蒙古",15880.58,111.5,1552.75,103.1,0.105899213642454,0.144530357419269
2012,"辽宁",24846.43,109.5,3105.38,102.8,0.117864100383773,0.174878459413957
2012,"吉林",11939.24,112,1041.25,102.5,0.129665251498983,0.224855899305964
2012,"黑龙江",13691.58,110,1163.17,103.2,0.0881878874582738,0.16602676557566
2012,"上海",20181.72,107.5,3743.71,102.8,0.0513672600463959,0.0915147397975993
2012,"江苏",54058.22,110.1,5860.69,102.6,0.100751838668368,0.138238967082353
2012,"浙江",34665.33,108,3441.23,102.2,0.0726040685234779,0.0921765900723626
2012,"安徽",17212.05,112.1,1792.72,102.3,0.124922797397496,0.224903659569816
2012,"福建",19701.78,111.4,1776.17,102.4,0.121957747585731,0.18292252465851
2012,"江西",12948.88,111,1371.99,102.7,0.106475191449582,0.30240262760696
2012,"山东",50013.24,109.8,4059.43,102.1,0.102539689188161,0.17462737960549
2012,"河南",29599.31,110.1,2040.33,102.5,0.0990782751346682,0.185025787566211
2012,"湖北",22250.45,111.3,1823.05,102.9,0.133361620108943,0.193947252948766
2012,"湖南",22154.23,111.3,1782.16,102,0.126320568431627,0.174738146558827
2012,"广东",57067.92,108.2,6229.18,102.8,0.0724980210590886,0.129530503151497
2012,"广西",13035.1,111.3,1166.06,103.2,0.112127342082968,0.230384501751572
2012,"海南",2855.54,109.1,409.44,103.2,0.131955951257799,0.203810419851817
2012,"重庆",11409.6,113.6,1703.49,102.6,0.13966420180255,0.144564713470803
2012,"四川",23872.8,112.6,2421.27,102.5,0.135357555258367,0.184116706361044
2012,"贵州",6852.2,113.6,1014.05,102.7,0.201752416763711,0.311701246960211
2012,"云南",10309.47,113,1338.15,102.7,0.159263565542801,0.20428201159149
2012,"西藏",701.03,111.8,86.58,103.5,0.157139791690738,0.581081081081081
2012,"陕西",14453.68,112.9,1600.69,102.8,0.155157724798798,0.0669986268314469
2012,"甘肃",5650.2,112.6,520.4,102.7,0.125454896750638,0.156136141473385
2012,"青海",1893.54,112.3,186.42,103.1,0.133557625535787,0.227982346353995
2012,"宁夏",2341.29,111.5,263.96,102,0.113727933936191,0.199927266115101
2012,"新疆",7505.31,112,908.97,103.8,0.135439217555087,0.261704815179823
